yellow,2,2015-12-01 12:21:28,2015-12-01 12:41:00,1,2.27,-73.966209411621094,40.761775970458984,1,N,-73.979721069335938,40.737228393554688,1,13,0,0.5,2.76,0,0.3,16.56
yellow,2,2015-12-01 12:18:42,2015-12-01 12:41:00,2,1.74,-73.985496520996094,40.768241882324219,1,N,-73.971138000488281,40.752628326416016,1,14,0,0.5,2.96,0,0.3,17.76
green,2,2015-12-01 12:21:36,2015-12-01 12:41:00,N,1,-73.980194091796875,40.668460845947266,-73.951385498046875,40.682445526123047,1,2.54,14,0,0.5,0,0,,0.3,14.8,2,1
yellow,1,2015-12-01 11:52:13,2015-12-01 12:41:01,1,8.00,-73.874519348144531,40.774021148681641,1,N,-73.974128723144531,40.743938446044922,1,33.5,0,0.5,0,5.54,0.3,39.84
yellow,2,2015-12-01 11:55:23,2015-12-01 12:41:01,1,21.38,-73.7818603515625,40.644741058349609,2,N,-73.971794128417969,40.760242462158203,1,52,0,0.5,11.67,5.54,0.3,70.01
yellow,2,2015-12-01 12:17:16,2015-12-01 12:41:01,6,2.14,-73.975692749023438,40.763889312744141,1,N,-73.990432739257813,40.740390777587891,1,15,0,0.5,3.95,0,0.3,19.75
yellow,1,2015-12-01 12:19:43,2015-12-01 12:41:01,1,1.60,-73.995536804199219,40.733245849609375,1,N,-73.996665954589844,40.746994018554687,1,13.5,0,0.5,2.86,0,0.3,17.16
yellow,2,2015-12-01 12:32:48,2015-12-01 12:41:01,2,.81,-73.989944458007813,40.734706878662109,1,N,-73.982917785644531,40.744911193847656,1,6.5,0,0.5,1.46,0,0.3,8.76
yellow,2,2015-12-01 12:33:00,2015-12-01 12:41:01,1,1.19,-73.959129333496094,40.800197601318359,1,N,-73.944046020507813,40.795310974121094,2,7,0,0.5,0,0,0.3,7.8
yellow,2,2015-12-01 12:29:09,2015-12-01 12:41:01,5,1.44,-73.991691589355469,40.742099761962891,1,N,-73.996467590332031,40.725639343261719,1,9,0,0.5,1.96,0,0.3,11.76
yellow,2,2015-12-01 12:33:30,2015-12-01 12:41:01,5,1.08,-74.004806518554688,40.741939544677734,1,N,-74.008270263671875,40.729969024658203,1,6.5,0,0.5,1,0,0.3,8.3
yellow,2,2015-12-01 12:25:32,2015-12-01 12:41:02,2,.81,-73.986198425292969,40.740379333496094,1,N,-73.976837158203125,40.747238159179688,1,10.5,0,0.5,2.26,0,0.3,13.56
yellow,1,2015-12-01 12:22:57,2015-12-01 12:41:02,1,1.10,-73.948417663574219,40.7823486328125,1,N,-73.960678100585938,40.772464752197266,1,11.5,0,0.5,2,0,0.3,14.3
yellow,1,2015-12-01 12:28:13,2015-12-01 12:41:02,1,1.50,-73.994041442871094,40.751121520996094,1,N,-73.978164672851562,40.766319274902344,2,9.5,0,0.5,0,0,0.3,10.3
green,1,2015-12-01 12:35:44,2015-12-01 12:41:02,N,1,-73.950027465820312,40.680385589599609,-73.94921875,40.686420440673828,1,.70,5.5,0,0.5,0,0,,0.3,6.3,1,1
yellow,2,2015-12-01 11:47:13,2015-12-01 12:41:03,5,8.55,-76.035476684570313,43.201324462890625,1,N,-73.973953247070312,40.749607086181641,1,37,0,0.5,13,5.54,0.3,56.34
yellow,1,2015-12-01 12:20:21,2015-12-01 12:41:03,1,1.40,0,0,1,N,0,0,1,13,0,0.5,2.76,0,0.3,16.56
yellow,1,2015-12-01 12:34:04,2015-12-01 12:41:03,1,.50,-73.967788696289063,40.762668609619141,1,N,-73.971183776855469,40.755989074707031,2,6,0,0.5,0,0,0.3,6.8
yellow,2,2015-12-01 12:26:56,2015-12-01 12:41:03,1,1.28,-73.95343017578125,40.782421112060547,1,N,-73.9520263671875,40.769321441650391,1,10,0,0.5,2.16,0,0.3,12.96
yellow,1,2015-12-01 12:37:31,2015-12-01 12:41:03,2,.40,-73.95892333984375,40.771854400634766,1,N,-73.955177307128906,40.776962280273438,2,4,0,0.5,0,0,0.3,4.8
green,2,2015-12-01 12:13:08,2015-12-01 12:41:03,N,1,-73.8924560546875,40.747398376464844,-73.823310852050781,40.71099853515625,1,9.58,30,0,0.5,0,0,,0.3,30.8,2,1
yellow,2,2015-12-01 11:26:05,2015-12-01 12:41:04,2,17.27,-73.782135009765625,40.644828796386719,2,N,-73.980293273925781,40.755802154541016,1,52,0,0.5,14.58,5.54,0.3,72.92
yellow,2,2015-12-01 12:34:04,2015-12-01 12:41:04,1,1.00,-74.001228332519531,40.717681884765625,1,N,-74.004058837890625,40.707698822021484,1,6.5,0,0.5,1.82,0,0.3,9.12
yellow,2,2015-12-01 12:34:11,2015-12-01 12:41:04,3,1.34,-73.995872497558594,40.765575408935547,1,N,-74.007171630859375,40.751457214355469,1,7,0,0.5,1.56,0,0.3,9.36
yellow,1,2015-12-01 12:31:06,2015-12-01 12:41:04,1,1.00,-73.980445861816406,40.750965118408203,1,N,-73.971351623535156,40.760890960693359,1,8,0,0.5,1,0,0.3,9.8
yellow,2,2015-12-01 12:24:08,2015-12-01 12:41:04,1,1.51,-73.952827453613281,40.791919708251953,1,N,-73.956680297851563,40.775001525878906,1,11.5,0,0.5,3.08,0,0.3,15.38
yellow,2,2015-12-01 12:32:48,2015-12-01 12:41:04,1,.79,-73.981758117675781,40.728572845458984,1,N,-73.9940185546875,40.732166290283203,2,7,0,0.5,0,0,0.3,7.8
yellow,2,2015-12-01 12:29:13,2015-12-01 12:41:04,6,.88,-73.991661071777344,40.738540649414062,1,N,-73.982177734375,40.745769500732422,1,8.5,0,0.5,1.86,0,0.3,11.16
yellow,2,2015-12-01 12:12:29,2015-12-01 12:41:05,2,1.27,-73.975662231445312,40.750038146972656,1,N,-73.981681823730469,40.761020660400391,1,17,0,0.5,3.56,0,0.3,21.36
yellow,2,2015-12-01 12:13:57,2015-12-01 12:41:05,1,5.13,-73.979301452636719,40.776851654052734,1,N,-74.01068115234375,40.717838287353516,1,21,0,0.5,0,0,0.3,21.8
yellow,1,2015-12-01 12:25:26,2015-12-01 12:41:05,1,2.10,-73.966232299804687,40.794773101806641,1,N,-73.953102111816406,40.775852203369141,1,11.5,0,0.5,1.5,0,0.3,13.8
yellow,1,2015-12-01 12:27:11,2015-12-01 12:41:05,1,.90,-73.982711791992188,40.751049041748047,1,N,-73.970481872558594,40.752696990966797,1,9.5,0,0.5,2.55,0,0.3,12.85
yellow,2,2015-12-01 12:39:35,2015-12-01 12:41:05,1,.30,-73.978103637695313,40.783267974853516,1,N,-73.975349426269531,40.787044525146484,2,3,0,0.5,0,0,0.3,3.8
yellow,2,2015-12-01 12:28:03,2015-12-01 12:41:05,5,2.51,-74.005828857421875,40.706363677978516,1,N,-73.983306884765625,40.694988250732422,1,11.5,0,0.5,2.46,0,0.3,14.76
yellow,1,2015-12-01 12:17:18,2015-12-01 12:41:06,1,.80,-73.975921630859375,40.751338958740234,1,N,-73.980392456054688,40.760169982910156,1,14,0,0.5,2,0,0.3,16.8
yellow,1,2015-12-01 12:19:12,2015-12-01 12:41:06,1,1.30,-73.971809387207031,40.765777587890625,1,N,-73.980064392089844,40.760505676269531,1,13.5,0,0.5,2.85,0,0.3,17.15
yellow,2,2015-12-01 12:35:43,2015-12-01 12:41:06,1,1.70,-73.97503662109375,40.744533538818359,1,N,-73.954071044921875,40.742218017578125,1,7,0,0.5,2.67,5.54,0.3,16.01
yellow,2,2015-12-01 12:38:09,2015-12-01 12:41:06,6,.54,-73.965011596679688,40.769264221191406,1,N,-73.957229614257813,40.768360137939453,1,4,0,0.5,1.44,0,0.3,6.24
yellow,2,2015-12-01 12:13:11,2015-12-01 12:41:07,1,.71,-73.966903686523438,40.757461547851563,1,N,-73.977592468261719,40.759811401367188,1,16,0,0.5,2,0,0.3,18.8
yellow,2,2015-12-01 12:20:52,2015-12-01 12:41:07,1,1.68,-73.961776733398438,40.768375396728516,1,N,-73.976249694824219,40.750698089599609,2,13,0,0.5,0,0,0.3,13.8
green,2,2015-12-01 12:29:50,2015-12-01 12:41:07,N,1,-73.963356018066406,40.8089599609375,-73.977592468261719,40.787109375,5,1.75,9.5,0,0.5,2.06,0,,0.3,12.36,1,1
yellow,1,2015-12-01 12:28:28,2015-12-01 12:41:08,1,2.10,-73.969795227050781,40.757083892822266,1,N,-73.957710266113281,40.782405853271484,1,10.5,0,0.5,3.35,0,0.3,14.65
yellow,2,2015-12-01 11:40:36,2015-12-01 12:41:09,5,17.61,-73.782028198242188,40.644660949707031,2,N,-73.988037109375,40.745899200439453,1,52,0,0.5,11.67,5.54,0.3,70.01
yellow,2,2015-12-01 12:26:03,2015-12-01 12:41:09,1,5.73,-73.989952087402344,40.756267547607422,1,N,-73.962623596191406,40.810756683349609,1,18.5,0,0.5,3.86,0,0.3,23.16
yellow,2,2015-12-01 12:23:50,2015-12-01 12:41:09,4,2.32,-73.997077941894531,40.742221832275391,1,N,-73.989646911621094,40.767658233642578,2,12.5,0,0.5,0,0,0.3,13.3
yellow,2,2015-12-01 12:32:45,2015-12-01 12:41:09,1,.77,-74.003517150878906,40.725330352783203,1,N,-73.997047424316406,40.725151062011719,2,7,0,0.5,0,0,0.3,7.8
green,2,2015-12-01 12:35:22,2015-12-01 12:41:09,N,1,-73.941070556640625,40.839866638183594,-73.938705444335938,40.849838256835938,5,.85,5.5,0,0.5,0,0,,0.3,6.3,2,1
yellow,2,2015-12-01 12:29:50,2015-12-01 12:41:10,2,1.34,-73.89398193359375,40.740062713623047,1,N,-73.91900634765625,40.743396759033203,1,9,0,0.5,1.96,0,0.3,11.76
yellow,2,2015-12-01 12:18:35,2015-12-01 12:41:10,1,2.13,-73.966300964355469,40.757179260253906,1,N,-73.950752258300781,40.780063629150391,2,13.5,0,0.5,0,0,0.3,14.3
yellow,1,2015-12-01 12:28:20,2015-12-01 12:41:10,2,1.70,-73.979507446289063,40.781169891357422,1,N,-73.956611633300781,40.778339385986328,2,10.5,0,0.5,0,0,0.3,11.3
yellow,2,2015-12-01 12:36:01,2015-12-01 12:41:10,1,.85,-74.006790161132813,40.728878021240234,1,N,-74.009910583496094,40.721561431884766,2,5,0,0.5,0,0,0.3,5.8
yellow,1,2015-12-01 12:38:42,2015-12-01 12:41:10,1,.50,-73.981269836425781,40.76812744140625,1,N,-73.980560302734375,40.774234771728516,1,4,0,0.5,1,0,0.3,5.8
green,2,2015-12-01 12:31:48,2015-12-01 12:41:10,N,1,-73.884902954101563,40.747898101806641,-73.873397827148438,40.756755828857422,5,.99,7.5,0,0.5,0,0,,0.3,8.3,2,1
yellow,2,2015-12-01 12:15:42,2015-12-01 12:41:11,1,4.59,-73.947074890136719,40.77606201171875,1,N,-73.994956970214844,40.743892669677734,1,20.5,0,0.5,3,0,0.3,24.3
yellow,1,2015-12-01 12:24:47,2015-12-01 12:41:11,1,2.20,-73.968772888183594,40.750385284423828,1,N,-73.957901000976563,40.776241302490234,1,12,0,0.5,2.55,0,0.3,15.35
yellow,1,2015-12-01 12:29:23,2015-12-01 12:41:11,2,.80,-73.97869873046875,40.753635406494141,1,N,-73.971733093261719,40.763053894042969,1,8.5,0,0.5,1.85,0,0.3,11.15
yellow,1,2015-12-01 12:37:45,2015-12-01 12:41:11,1,.40,-74.002098083496094,40.740901947021484,1,N,-73.999046325683594,40.745590209960938,2,4,0,0.5,0,0,0.3,4.8
green,2,2015-12-01 12:35:51,2015-12-01 12:41:11,N,1,-73.992111206054687,40.69921875,-73.987030029296875,40.694290161132812,1,.59,5,0,0.5,0,0,,0.3,5.8,2,1
green,1,2015-12-01 12:28:38,2015-12-01 12:41:11,N,1,-73.85174560546875,40.857967376708984,-73.867591857910156,40.832931518554688,1,2.90,12,0,0.5,0,0,,0.3,12.8,2,1
yellow,1,2015-12-01 12:12:38,2015-12-01 12:41:12,1,1.30,-73.993240356445313,40.7364501953125,1,N,-73.995338439941406,40.749660491943359,1,17,0,0.5,4.45,0,0.3,22.25
yellow,1,2015-12-01 12:21:13,2015-12-01 12:41:12,1,1.50,-73.991043090820313,40.756118774414063,1,N,-73.972007751464844,40.761501312255859,2,13,0,0.5,0,0,0.3,13.8
yellow,1,2015-12-01 12:26:20,2015-12-01 12:41:12,3,2.70,-74.005592346191406,40.751880645751953,1,N,-74.005592346191406,40.751880645751953,2,11.5,0,0.5,0,0,0.3,12.3
yellow,1,2015-12-01 12:30:25,2015-12-01 12:41:12,3,1.50,-73.975372314453125,40.761089324951172,1,N,-73.989280700683594,40.742027282714844,1,8.5,0,0.5,2.3,0,0.3,11.6
yellow,1,2015-12-01 12:20:06,2015-12-01 12:41:12,2,2.80,-73.981842041015625,40.766315460205078,1,N,-74.006118774414063,40.744926452636719,1,15,0,0.5,3.15,0,0.3,18.95
yellow,2,2015-12-01 12:23:59,2015-12-01 12:41:12,1,2.03,-73.980430603027344,40.748550415039062,1,N,-74.001602172851562,40.728691101074219,1,12,0,0.5,1,0,0.3,13.8
yellow,1,2015-12-01 12:32:18,2015-12-01 12:41:12,1,1.20,-73.982048034667969,40.778572082519531,1,N,-73.991287231445313,40.765357971191406,1,8,0,0.5,1.75,0,0.3,10.55
yellow,2,2015-12-01 11:33:30,2015-12-01 12:41:13,5,17.35,-73.789779663085938,40.643741607666016,2,N,-73.974899291992187,40.756267547607422,2,52,0,0.5,0,5.54,0.3,58.34
yellow,2,2015-12-01 12:30:07,2015-12-01 12:41:13,1,.93,-74.000633239746094,40.742305755615234,1,N,-73.990509033203125,40.746925354003906,1,8.5,0,0.5,1,0,0.3,10.3
yellow,2,2015-12-01 12:34:30,2015-12-01 12:41:13,1,.91,-73.997474670410156,40.741561889648438,1,N,-74.004508972167969,40.742237091064453,1,6.5,0,0.5,1.46,0,0.3,8.76
yellow,1,2015-12-01 12:35:08,2015-12-01 12:41:13,1,.70,-73.9822998046875,40.774036407470703,1,N,-73.980178833007812,40.764457702636719,1,6,0,0.5,1.35,0,0.3,8.15
yellow,1,2015-12-01 12:40:28,2015-12-01 12:41:14,2,.00,-73.642082214355469,40.632949829101563,5,N,-73.642082214355469,40.632942199707031,1,84,0,0,12,0,0.3,96.3
yellow,2,2015-12-01 12:37:04,2015-12-01 12:41:14,1,.47,-73.984451293945313,40.759433746337891,1,N,-73.988029479980469,40.754325866699219,1,4.5,0,0.5,1.06,0,0.3,6.36
yellow,1,2015-12-01 12:09:24,2015-12-01 12:41:15,1,3.90,-73.980850219726563,40.73236083984375,1,N,-73.976387023925781,40.765869140625,1,21.5,0,0.5,1,0,0.3,23.3
yellow,2,2015-12-01 12:09:44,2015-12-01 12:41:15,5,2.12,-73.979850769042969,40.749065399169922,1,N,-74.005767822265625,40.735885620117188,1,18.5,0,0.5,5.79,0,0.3,25.09
yellow,1,2015-12-01 12:25:52,2015-12-01 12:41:15,1,1.20,-73.950309753417969,40.771556854248047,1,N,-73.966056823730469,40.765140533447266,1,10.5,0,0.5,2,0,0.3,13.3
yellow,1,2015-12-01 12:22:10,2015-12-01 12:41:15,4,2.30,0,0,1,N,0,0,1,13,0,0.5,4.1,0,0.3,17.9
yellow,1,2015-12-01 12:39:35,2015-12-01 12:41:15,1,.30,-73.979827880859375,40.78094482421875,1,N,-73.983528137207031,40.78369140625,1,3.5,0,0.5,0.65,0,0.3,4.95
yellow,2,2015-12-01 12:33:59,2015-12-01 12:41:15,2,.62,-73.9783935546875,40.750148773193359,1,N,-73.985099792480469,40.744808197021484,1,6.5,0,0.5,1.46,0,0.3,8.76
green,2,2015-12-01 12:34:55,2015-12-01 12:41:15,N,1,-73.956291198730469,40.719200134277344,-73.954689025878906,40.732975006103516,5,1.23,6.5,0,0.5,0,0,,0.3,7.3,2,1
yellow,2,2015-12-01 11:53:35,2015-12-01 12:41:16,1,7.75,-73.975959777832031,40.751598358154297,1,N,-73.908927917480469,40.68878173828125,2,33,0,0.5,0,0,0.3,33.8
yellow,1,2015-12-01 12:34:10,2015-12-01 12:41:16,1,.90,-74.010414123535156,40.718692779541016,1,N,-74.009910583496094,40.709724426269531,1,6,0,0.5,1.7,0,0.3,8.5
yellow,2,2015-12-01 12:32:52,2015-12-01 12:41:16,1,1.35,-73.976516723632813,40.776409149169922,1,N,-73.961112976074219,40.774394989013672,2,7.5,0,0.5,0,0,0.3,8.3
yellow,2,2015-12-01 12:21:02,2015-12-01 12:41:17,1,2.07,-73.981742858886719,40.757503509521484,1,N,-73.980064392089844,40.783542633056641,2,14,0,0.5,0,0,0.3,14.8
yellow,2,2015-12-01 12:24:45,2015-12-01 12:41:17,1,1.83,-73.975669860839844,40.757896423339844,1,N,-73.955642700195312,40.772651672363281,1,12,0,0.5,3.2,0,0.3,16
yellow,1,2015-12-01 12:25:46,2015-12-01 12:41:17,1,.00,-73.9376220703125,40.712638854980469,1,N,-73.937896728515625,40.712539672851563,2,9.5,0,0.5,0,0,0.3,10.3
yellow,1,2015-12-01 12:22:18,2015-12-01 12:41:17,2,2.50,-73.991539001464844,40.749969482421875,1,N,-73.997299194335938,40.719261169433594,2,13.5,0,0.5,0,0,0.3,14.3
yellow,1,2015-12-01 12:30:24,2015-12-01 12:41:17,1,1.60,-73.998245239257813,40.7608642578125,1,N,-73.982566833496094,40.767585754394531,1,9,0,0.5,2.9,0,0.3,12.7
yellow,2,2015-12-01 12:24:05,2015-12-01 12:41:17,1,1.64,-74.002456665039063,40.744915008544922,1,N,-73.989585876464844,40.729877471923828,1,11.5,0,0.5,2.46,0,0.3,14.76
green,2,2015-12-01 12:32:00,2015-12-01 12:41:17,N,1,-73.921394348144531,40.766651153564453,-73.913742065429688,40.77374267578125,1,.64,7.5,0,0.5,0,0,,0.3,8.3,2,1
yellow,2,2015-12-01 12:02:10,2015-12-01 12:41:18,5,11.47,-73.985710144042969,40.759590148925781,1,N,-73.864067077636719,40.769630432128906,1,38,0,0.5,13.3,5.54,0.3,57.64
yellow,2,2015-12-01 12:29:24,2015-12-01 12:41:18,2,2.75,-73.999588012695313,40.761196136474609,1,N,-73.972450256347656,40.786735534667969,2,11.5,0,0.5,0,0,0.3,12.3
yellow,1,2015-12-01 12:29:25,2015-12-01 12:41:18,1,.50,-73.982833862304688,40.768142700195313,1,N,-73.976661682128906,40.763553619384766,1,8,0,0.5,1,0,0.3,9.8
yellow,2,2015-12-01 12:26:25,2015-12-01 12:41:18,1,1.08,-73.982749938964844,40.767910003662109,1,N,-73.971450805664063,40.758129119873047,1,9.5,0,0.5,2.06,0,0.3,12.36
yellow,1,2015-12-01 12:36:43,2015-12-01 12:41:18,4,.60,-73.980064392089844,40.754543304443359,1,N,-73.985992431640625,40.746555328369141,2,5,0,0.5,0,0,0.3,5.8
yellow,2,2015-12-01 12:26:11,2015-12-01 12:41:19,3,1.55,-73.980857849121094,40.764301300048828,1,N,-74.000808715820313,40.758220672607422,1,10.5,0,0.5,2.26,0,0.3,13.56
yellow,2,2015-12-01 12:23:48,2015-12-01 12:41:19,5,1.38,-73.960182189941406,40.778823852539063,1,N,-73.96441650390625,40.764606475830078,1,11.5,0,0.5,2.46,0,0.3,14.76
yellow,1,2015-12-01 12:34:29,2015-12-01 12:41:19,1,.60,-73.989883422851562,40.741962432861328,1,N,-73.99383544921875,40.734508514404297,1,6,0,0.5,1.7,0,0.3,8.5
yellow,2,2015-12-01 12:11:18,2015-12-01 12:41:20,1,6.49,-73.872802734375,40.773967742919922,1,N,-73.905738830566406,40.703586578369141,1,24,0,0.5,4.96,0,0.3,29.76
yellow,2,2015-12-01 12:20:54,2015-12-01 12:41:20,1,2.68,-73.976028442382813,40.76007080078125,1,N,-73.9852294921875,40.729049682617187,2,14.5,0,0.5,0,0,0.3,15.3
yellow,2,2015-12-01 12:30:59,2015-12-01 12:41:20,2,1.80,-74.008453369140625,40.704292297363281,1,N,-74.014144897460938,40.713844299316406,1,9.5,0,0.5,2.06,0,0.3,12.36
yellow,2,2015-12-01 12:19:58,2015-12-01 12:41:20,1,2.25,-73.973709106445313,40.792076110839844,1,N,-73.976287841796875,40.763904571533203,1,14.5,0,0.5,3.06,0,0.3,18.36
yellow,2,2015-12-01 12:28:34,2015-12-01 12:41:20,1,.86,-73.9915771484375,40.729648590087891,1,N,-73.989845275878906,40.740047454833984,1,9,0,0.5,1,0,0.3,10.8
green,2,2015-12-01 12:33:56,2015-12-01 12:41:20,N,1,-73.944061279296875,40.807201385498047,-73.9451904296875,40.823516845703125,1,1.37,7.5,0,0.5,0,0,,0.3,8.3,2,1
yellow,1,2015-12-01 12:13:20,2015-12-01 12:41:21,1,1.50,-73.980545043945313,40.748004913330078,1,N,-73.999496459960938,40.749046325683594,1,16.5,0,0.5,1.7,0,0.3,19
yellow,2,2015-12-01 12:21:42,2015-12-01 12:41:21,2,1.80,-73.972038269042969,40.754318237304688,1,N,-73.982620239257813,40.745059967041016,1,13.5,0,0.5,2.86,0,0.3,17.16
yellow,1,2015-12-01 12:31:07,2015-12-01 12:41:21,1,1.80,-73.972091674804688,40.7939453125,1,N,-73.974884033203125,40.782745361328125,2,9,0,0.5,0,0,0.3,9.8
yellow,2,2015-12-01 12:39:01,2015-12-01 12:41:21,2,.29,-73.981941223144531,40.769859313964844,1,N,-73.982139587402344,40.774379730224609,2,3.5,0,0.5,0,0,0.3,4.3
yellow,1,2015-12-01 12:34:01,2015-12-01 12:41:21,1,.70,-73.986679077148438,40.742630004882813,1,N,-73.980430603027344,40.751243591308594,1,6,0,0.5,1.35,0,0.3,8.15
yellow,2,2015-12-01 12:37:17,2015-12-01 12:41:21,2,.30,-74.001510620117187,40.756637573242188,1,N,-73.998512268066406,40.755290985107422,2,4.5,0,0.5,0,0,0.3,5.3
yellow,2,2015-12-01 12:22:01,2015-12-01 12:41:22,5,1.07,-73.984359741210937,40.759941101074219,1,N,-73.969612121582031,40.76129150390625,2,12,0,0.5,0,0,0.3,12.8
yellow,1,2015-12-01 12:22:31,2015-12-01 12:41:22,1,7.20,-73.959976196289063,40.776100158691406,1,N,-74.010322570800781,40.701976776123047,2,23,0,0.5,0,0,0.3,23.8
yellow,1,2015-12-01 12:35:26,2015-12-01 12:41:22,2,.50,-73.972412109375,40.749549865722656,1,N,-73.976982116699219,40.743209838867187,2,5.5,0,0.5,0,0,0.3,6.3
green,2,2015-12-01 12:29:15,2015-12-01 12:41:22,N,1,-73.989570617675781,40.701923370361328,-73.975425720214844,40.674594879150391,1,2.26,10.5,0,0.5,2.26,0,,0.3,13.56,1,1
yellow,1,2015-12-01 11:58:05,2015-12-01 12:41:23,3,11.40,-73.863563537597656,40.769729614257813,1,N,-73.97967529296875,40.765750885009766,1,38,0,0.5,5,5.54,0.3,49.34
yellow,2,2015-12-01 12:21:58,2015-12-01 12:41:23,1,4.32,-73.954460144042969,40.769798278808594,1,N,-73.988426208496094,40.734458923339844,2,17.5,0,0.5,0,0,0.3,18.3
yellow,1,2015-12-01 12:22:08,2015-12-01 12:41:23,1,1.00,-73.998748779296875,40.734622955322266,1,N,-73.9891357421875,40.748111724853516,1,12,0,0.5,2.55,0,0.3,15.35
yellow,2,2015-12-01 12:27:27,2015-12-01 12:41:23,1,1.76,-73.972831726074219,40.7806396484375,1,N,-73.989967346191406,40.761940002441406,2,10,0,0.5,0,0,0.3,10.8
yellow,2,2015-12-01 12:31:12,2015-12-01 12:41:23,1,.92,-74.000175476074219,40.730201721191406,1,N,-73.991600036621094,40.731014251708984,1,7.5,0,0.5,0.5,0,0.3,8.8
yellow,2,2015-12-01 12:35:16,2015-12-01 12:41:23,1,.75,-73.982261657714844,40.745475769042969,1,N,-73.975738525390625,40.755523681640625,1,6,0,0.5,1.7,0,0.3,8.5
yellow,2,2015-12-01 12:36:02,2015-12-01 12:41:23,5,.98,-73.966766357421875,40.789005279541016,1,N,-73.959625244140625,40.779563903808594,1,6,0,0.5,1.36,0,0.3,8.16
green,2,2015-12-01 12:23:45,2015-12-01 12:41:23,N,1,-73.952346801757813,40.789806365966797,-73.951950073242188,40.777626037597656,1,1.52,11.5,0,0.5,3.69,0,,0.3,15.99,1,1
green,2,2015-12-01 12:24:23,2015-12-01 12:41:23,N,1,-73.963897705078125,40.8082275390625,-73.982406616210938,40.777126312255859,1,2.37,12.5,0,0.5,2.66,0,,0.3,15.96,1,1
green,1,2015-12-01 12:32:10,2015-12-01 12:41:23,N,1,-73.939079284667969,40.805065155029297,-73.95904541015625,40.809555053710937,1,1.30,7.5,0,0.5,2.45,0,,0.3,10.75,1,1
yellow,2,2015-12-01 11:39:27,2015-12-01 12:41:24,1,17.23,-73.781867980957031,40.645000457763672,2,N,-73.970169067382813,40.756130218505859,1,52,0,0.5,6,5.54,0.3,64.34
yellow,2,2015-12-01 12:11:43,2015-12-01 12:41:24,1,6.95,-74.014404296875,40.713851928710937,1,N,-73.973251342773438,40.758335113525391,1,27,0,0.5,5.8,0,0.3,33.6
yellow,2,2015-12-01 12:17:39,2015-12-01 12:41:24,1,3.57,-73.989639282226563,40.762161254882813,1,N,-73.951690673828125,40.790748596191406,2,17.5,0,0.5,0,0,0.3,18.3
yellow,1,2015-12-01 12:19:20,2015-12-01 12:41:24,1,2.40,-73.982093811035156,40.748775482177734,1,N,-73.998237609863281,40.720108032226563,2,15,0,0.5,0,0,0.3,15.8
yellow,2,2015-12-01 12:33:12,2015-12-01 12:41:24,2,.97,-73.975799560546875,40.751323699951172,1,N,-73.966789245605469,40.752590179443359,2,6.5,0,0.5,0,0,0.3,7.3
yellow,2,2015-12-01 12:16:42,2015-12-01 12:41:25,1,1.35,-73.986839294433594,40.768226623535156,1,N,-73.971649169921875,40.757698059082031,1,15,0,0.5,3.95,0,0.3,19.75
yellow,1,2015-12-01 12:22:42,2015-12-01 12:41:25,1,3.70,-73.993782043457031,40.741661071777344,1,N,-74.016166687011719,40.710872650146484,1,15.5,0,0.5,4.85,0,0.3,21.15
yellow,2,2015-12-01 12:34:11,2015-12-01 12:41:25,3,1.43,-74.007606506347656,40.732803344726563,1,N,-74.010635375976563,40.71533203125,2,7,0,0.5,0,0,0.3,7.8
yellow,2,2015-12-01 12:31:52,2015-12-01 12:41:25,1,1.56,-73.9639892578125,40.764842987060547,1,N,-73.954803466796875,40.783428192138672,2,8,0,0.5,0,0,0.3,8.8
yellow,2,2015-12-01 12:32:43,2015-12-01 12:41:25,5,.86,-73.971389770507812,40.757518768310547,1,N,-73.97357177734375,40.748020172119141,1,7,0,0.5,1.95,0,0.3,9.75
yellow,1,2015-12-01 10:52:08,2015-12-01 12:41:26,1,18.80,-73.7880859375,40.641448974609375,2,N,-73.981735229492188,40.759151458740234,1,52,0,0.5,36,5.54,0.3,94.34
yellow,2,2015-12-01 12:08:53,2015-12-01 12:41:26,6,2.08,-73.999618530273437,40.733470916748047,1,N,-73.981216430664063,40.758838653564453,2,19,0,0.5,0,0,0.3,19.8
yellow,2,2015-12-01 12:05:58,2015-12-01 12:41:26,1,9.77,-73.885284423828125,40.773021697998047,1,N,-73.972900390625,40.755691528320313,1,32.5,0,0.5,7.77,5.54,0.3,46.61
yellow,2,2015-12-01 12:16:13,2015-12-01 12:41:26,1,3.15,-73.948623657226563,40.773773193359375,1,N,-73.988899230957031,40.773891448974609,1,17.5,0,0.5,1.5,0,0.3,19.8
yellow,2,2015-12-01 12:10:32,2015-12-01 12:41:26,5,3.14,-73.999969482421875,40.710926055908203,1,N,-73.979530334472656,40.752735137939453,1,19.5,0,0.5,4.06,0,0.3,24.36
yellow,1,2015-12-01 12:21:16,2015-12-01 12:41:26,1,1.80,-73.996208190917969,40.728530883789063,1,N,-73.981773376464844,40.746494293212891,1,13.5,0,0.5,2.86,0,0.3,17.16
yellow,2,2015-12-01 12:22:55,2015-12-01 12:41:26,1,2.37,-73.990455627441406,40.744941711425781,1,N,-74.008331298828125,40.718841552734375,1,13.5,0,0.5,2.86,0,0.3,17.16
yellow,1,2015-12-01 12:19:58,2015-12-01 12:41:26,1,5.40,-73.978050231933594,40.751140594482422,1,N,-74.00958251953125,40.703662872314453,1,20.5,0,0.5,4.25,0,0.3,25.55
yellow,1,2015-12-01 12:34:12,2015-12-01 12:41:26,1,.80,-73.985923767089844,40.74627685546875,1,N,-73.985359191894531,40.737567901611328,1,6,0,0.5,0.7,0,0.3,7.5
yellow,2,2015-12-01 12:32:30,2015-12-01 12:41:26,5,1.19,-74.007675170898438,40.715373992919922,1,N,-74.008438110351563,40.730564117431641,1,7.5,0,0.5,0,0,0.3,8.3
yellow,1,2015-12-01 12:28:56,2015-12-01 12:41:26,1,1.90,-73.982368469238281,40.777351379394531,1,N,-73.95989990234375,40.769443511962891,2,9.5,0,0.5,0,0,0.3,10.3
yellow,1,2015-12-01 12:29:15,2015-12-01 12:41:26,1,1.40,-73.98785400390625,40.769893646240234,1,N,-73.975288391113281,40.787284851074219,1,9.5,0,0.5,2.05,0,0.3,12.35
green,2,2015-12-01 12:28:00,2015-12-01 12:41:26,N,1,-73.9638671875,40.692031860351563,-73.990745544433594,40.703563690185547,1,2.45,11,0,0.5,1,0,,0.3,12.8,1,1
yellow,1,2015-12-01 11:31:45,2015-12-01 12:41:27,1,9.40,-73.870925903320313,40.773723602294922,1,Y,-73.9908447265625,40.733791351318359,2,43,0,0.5,0,5.54,0.3,49.34
yellow,1,2015-12-01 12:20:47,2015-12-01 12:41:27,1,5.30,-74.011390686035156,40.7042236328125,1,N,-73.971389770507812,40.753780364990234,1,20,0,0.5,2.2,0,0.3,23
yellow,2,2015-12-01 12:16:39,2015-12-01 12:41:27,4,1.91,-73.979156494140625,40.747219085693359,1,N,-73.982162475585937,40.766681671142578,2,15.5,0,0.5,0,0,0.3,16.3
yellow,1,2015-12-01 12:24:46,2015-12-01 12:41:27,1,1.40,-73.98822021484375,40.731884002685547,1,N,-74.001091003417969,40.718891143798828,1,11.5,0,0.5,1.5,0,0.3,13.8
yellow,1,2015-12-01 12:26:26,2015-12-01 12:41:27,1,1.40,-73.9544677734375,40.787391662597656,1,N,-73.945686340332031,40.773643493652344,2,11,0,0.5,0,0,0.3,11.8
yellow,1,2015-12-01 12:22:28,2015-12-01 12:41:27,1,1.30,-73.961868286132813,40.776691436767578,1,N,-73.968521118164062,40.761810302734375,1,12,0,0.5,1.5,0,0.3,14.3
yellow,1,2015-12-01 12:34:13,2015-12-01 12:41:27,1,.80,-73.970420837402344,40.758499145507813,1,N,-73.965866088867187,40.768276214599609,2,6.5,0,0.5,0,0,0.3,7.3
yellow,2,2015-12-01 12:37:28,2015-12-01 12:41:27,1,.82,-73.964859008789063,40.806858062744141,1,N,-73.97064208984375,40.796348571777344,1,5,0,0.5,1.16,0,0.3,6.96
yellow,1,2015-12-01 11:29:45,2015-12-01 12:41:28,1,10.20,-73.863548278808594,40.769718170166016,1,Y,-73.998977661132813,40.760959625244141,1,45.5,0,0.5,10.35,5.54,0.3,62.19
yellow,1,2015-12-01 12:31:03,2015-12-01 12:41:28,1,.90,-73.98431396484375,40.762599945068359,1,N,-73.974212646484375,40.764942169189453,1,8,0,0.5,2.2,0,0.3,11
yellow,2,2015-12-01 12:28:38,2015-12-01 12:41:28,5,.91,-74.00531005859375,40.736663818359375,1,N,-73.992851257324219,40.730731964111328,2,9,0,0.5,0,0,0.3,9.8
green,1,2015-12-01 12:33:21,2015-12-01 12:41:28,N,5,-73.847259521484375,40.831733703613281,-73.824165344238281,40.828365325927734,1,1.80,10,0,0,2,0,,0,12,1,2
yellow,2,2015-12-01 12:03:19,2015-12-01 12:41:29,3,4.16,-74.011459350585937,40.720851898193359,1,N,-73.979972839355469,40.760490417480469,1,25,0,0.5,6.45,0,0.3,32.25
yellow,2,2015-12-01 12:08:25,2015-12-01 12:41:29,1,2.23,-73.967247009277344,40.760566711425781,1,N,-73.973564147949219,40.755191802978516,2,19.5,0,0.5,0,0,0.3,20.3
yellow,1,2015-12-01 12:13:00,2015-12-01 12:41:29,1,2.10,-74.002914428710938,40.720058441162109,1,N,-73.989990234375,40.732772827148437,2,17.5,0,0.5,0,0,0.3,18.3
yellow,2,2015-12-01 12:26:51,2015-12-01 12:41:29,1,2.17,-73.975051879882813,40.765190124511719,1,N,-73.992401123046875,40.739509582519531,2,11,0,0.5,0,0,0.3,11.8
yellow,1,2015-12-01 12:36:49,2015-12-01 12:41:29,2,.60,-73.973411560058594,40.760242462158203,1,N,-73.963020324707031,40.755760192871094,2,5,0,0.5,0,0,0.3,5.8
yellow,2,2015-12-01 12:38:39,2015-12-01 12:41:29,5,.32,-74.00054931640625,40.722255706787109,1,N,-73.997993469238281,40.720443725585938,1,4,0,0.5,0.96,0,0.3,5.76
green,1,2015-12-01 12:33:17,2015-12-01 12:41:29,N,1,-73.945098876953125,40.799694061279297,-73.954154968261719,40.811592102050781,2,1.20,7.5,0.5,0.5,0,0,,0.3,8.8,2,1
yellow,1,2015-12-01 11:51:22,2015-12-01 12:41:30,4,11.60,-73.872932434082031,40.774192810058594,1,Y,-73.981971740722656,40.762588500976562,1,41.5,0,0.5,9.55,5.54,0.3,57.39
yellow,2,2015-12-01 12:08:15,2015-12-01 12:41:30,2,4.40,-73.99591064453125,40.7242431640625,1,N,-73.957687377929688,40.776958465576172,1,22,0,0.5,5.7,0,0.3,28.5
yellow,2,2015-12-01 12:30:14,2015-12-01 12:41:30,6,1.82,-73.951911926269531,40.773441314697266,1,N,-73.976669311523438,40.775669097900391,2,9,0,0.5,0,0,0.3,9.8
yellow,2,2015-12-01 12:26:43,2015-12-01 12:41:30,1,2.09,-73.953727722167969,40.775165557861328,1,N,-73.979484558105469,40.772739410400391,1,11,0,0.5,2.36,0,0.3,14.16
yellow,2,2015-12-01 12:26:54,2015-12-01 12:41:30,1,2.42,-73.9998779296875,40.721828460693359,1,N,-74.008255004882813,40.744693756103516,1,11,0,0.5,2.36,0,0.3,14.16
yellow,1,2015-12-01 12:27:25,2015-12-01 12:41:30,1,1.90,-73.997283935546875,40.736640930175781,1,N,-74.008651733398438,40.716846466064453,2,11,0,0.5,0,0,0.3,11.8
yellow,1,2015-12-01 12:31:19,2015-12-01 12:41:30,1,1.50,-73.974693298339844,40.756252288818359,1,N,-73.987228393554688,40.739242553710938,2,8.5,0,0.5,0,0,0.3,9.3
yellow,2,2015-12-01 12:35:03,2015-12-01 12:41:30,1,.88,-73.978889465332031,40.740760803222656,1,N,-73.986412048339844,40.730411529541016,2,6,0,0.5,0,0,0.3,6.8
green,2,2015-12-01 12:19:55,2015-12-01 12:41:30,N,1,-73.956436157226563,40.747398376464844,-73.982086181640625,40.748336791992188,2,2.72,15,0,0.5,2.5,5.54,,0.3,23.84,1,1
yellow,2,2015-12-01 11:26:41,2015-12-01 12:41:31,1,9.27,-73.870857238769531,40.773849487304688,1,N,-73.986671447753906,40.747734069824219,2,47,0,0.5,0,5.54,0.3,53.34
yellow,1,2015-12-01 12:20:29,2015-12-01 12:41:31,1,1.60,-73.983779907226562,40.744289398193359,1,N,-74.006988525390625,40.751514434814453,1,13.5,0,0.5,2,0,0.3,16.3
yellow,1,2015-12-01 12:25:14,2015-12-01 12:41:31,1,2.70,-73.962272644042969,40.779087066650391,1,N,-73.991363525390625,40.760032653808594,1,12.5,0,0.5,3.3,0,0.3,16.6
yellow,2,2015-12-01 12:30:17,2015-12-01 12:41:31,6,.94,-73.992706298828125,40.763324737548828,1,N,-73.977424621582031,40.764717102050781,2,8.5,0,0.5,0,0,0.3,9.3
yellow,2,2015-12-01 12:35:09,2015-12-01 12:41:31,1,1.37,-73.870536804199219,40.773456573486328,1,N,-73.870536804199219,40.773456573486328,2,6.5,0,0.5,0,0,0.3,7.3
yellow,2,2015-12-01 12:11:12,2015-12-01 12:41:32,1,6.54,-74.014816284179688,40.713783264160156,1,N,-73.989677429199219,40.751777648925781,1,27,0,0.5,6.95,0,0.3,34.75
yellow,1,2015-12-01 12:28:46,2015-12-01 12:41:32,1,.50,-73.953048706054688,40.780677795410156,1,N,-73.959846496582031,40.773937225341797,1,8.5,0,0.5,1,0,0.3,10.3
yellow,1,2015-12-01 12:36:39,2015-12-01 12:41:32,1,.70,-73.954193115234375,40.766128540039063,1,N,-73.955291748046875,40.7725830078125,2,5,0,0.5,0,0,0.3,5.8
yellow,2,2015-12-01 12:37:51,2015-12-01 12:41:32,2,.50,-73.983558654785156,40.765853881835938,1,N,-73.984077453613281,40.770378112792969,2,4,0,0.5,0,0,0.3,4.8
green,2,2015-12-01 12:39:33,2015-12-01 12:41:32,N,1,-73.93359375,40.802913665771484,-73.940605163574219,40.799083709716797,5,.43,3.5,0,0.5,2.5,0,,0.3,6.8,1,1
green,2,2015-12-01 12:34:11,2015-12-01 12:41:32,N,1,-73.911766052246094,40.77532958984375,-73.912208557128906,40.759208679199219,2,1.38,7,0,0.5,0,0,,0.3,7.8,2,1
yellow,1,2015-12-01 12:16:02,2015-12-01 12:41:33,2,1.50,-73.9564208984375,40.781314849853516,1,N,-73.970924377441406,40.760639190673828,1,15.5,0,0.5,1.25,0,0.3,17.55
yellow,1,2015-12-01 12:17:29,2015-12-01 12:41:33,2,3.30,-73.992912292480469,40.751380920410156,1,N,-74.00518798828125,40.720024108886719,2,16,0,0.5,0,0,0.3,16.8
yellow,2,2015-12-01 12:21:47,2015-12-01 12:41:33,5,3.95,-73.990364074707031,40.731307983398437,1,N,-73.960731506347656,40.764766693115234,1,16.5,0,0.5,3.46,0,0.3,20.76
yellow,1,2015-12-01 12:19:18,2015-12-01 12:41:33,1,2.50,-73.990715026855469,40.742061614990234,1,N,-73.987518310546875,40.768550872802734,1,15,0,0.5,4.7,0,0.3,20.5
yellow,1,2015-12-01 12:19:59,2015-12-01 12:41:33,1,1.20,-73.994674682617188,40.750495910644531,1,N,-73.981163024902344,40.759063720703125,2,13.5,0,0.5,0,0,0.3,14.3
yellow,1,2015-12-01 12:36:17,2015-12-01 12:41:33,2,.80,-73.9677734375,40.765480041503906,1,N,-73.960304260253906,40.774677276611328,1,5.5,0,0.5,1.26,0,0.3,7.56
yellow,1,2015-12-01 12:04:45,2015-12-01 12:41:34,1,2.30,-73.9803466796875,40.75640869140625,1,N,-73.989723205566406,40.747295379638672,2,21.5,0,0.5,0,0,0.3,22.3
yellow,2,2015-12-01 12:13:27,2015-12-01 12:41:34,1,2.53,-73.974029541015625,40.762958526611328,1,N,-73.992698669433594,40.737327575683594,2,17.5,0,0.5,0,0,0.3,18.3
yellow,2,2015-12-01 12:18:27,2015-12-01 12:41:34,2,1.26,-73.970901489257812,40.761821746826172,1,N,-73.9884033203125,40.769100189208984,1,14,0,0.5,2.96,0,0.3,17.76
yellow,1,2015-12-01 12:31:12,2015-12-01 12:41:34,1,3.10,-73.977165222167969,40.749752044677734,1,N,-73.956832885742188,40.732742309570313,2,11,0,0.5,0,5.54,0.3,17.34
yellow,2,2015-12-01 12:24:35,2015-12-01 12:41:34,1,.62,-73.9630126953125,40.766578674316406,1,N,-73.971443176269531,40.764568328857422,2,11,0,0.5,0,0,0.3,11.8
green,2,2015-12-01 12:24:39,2015-12-01 12:41:34,N,1,-73.830558776855469,40.759513854980469,-73.8917236328125,40.751152038574219,1,3.76,15,0,0.5,0,0,,0.3,15.8,2,1
green,1,2015-12-01 12:37:07,2015-12-01 12:41:34,N,1,-73.953842163085937,40.680656433105469,-73.947906494140625,40.688694000244141,1,.90,5.5,0,0.5,0,0,,0.3,6.3,2,1
yellow,2,2015-12-01 12:13:35,2015-12-01 12:41:35,5,6.82,-73.961654663085937,40.777042388916016,1,N,-73.995147705078125,40.726203918457031,2,24.5,0,0.5,0,0,0.3,25.3
yellow,2,2015-12-01 12:18:47,2015-12-01 12:41:35,1,1.64,-73.988273620605469,40.764606475830078,1,N,-73.980667114257813,40.749366760253906,2,14,0,0.5,0,0,0.3,14.8
yellow,1,2015-12-01 12:26:04,2015-12-01 12:41:35,1,1.00,-73.984657287597656,40.742549896240234,1,N,-73.980522155761719,40.734535217285156,2,10,0,0.5,0,0,0.3,10.8
yellow,1,2015-12-01 12:32:18,2015-12-01 12:41:35,1,.80,-73.9921875,40.739494323730469,1,N,-74.002235412597656,40.746982574462891,1,7.5,0,0.5,1.65,0,0.3,9.95
yellow,1,2015-12-01 12:36:26,2015-12-01 12:41:35,1,.30,-73.953750610351563,40.782009124755859,1,N,-73.956748962402344,40.777915954589844,1,5,0,0.5,0.5,0,0.3,6.3
yellow,2,2015-12-01 12:37:00,2015-12-01 12:41:35,5,.42,-73.975502014160156,40.788108825683594,1,N,-73.969810485839844,40.784709930419922,2,4.5,0,0.5,0,0,0.3,5.3
yellow,2,2015-12-01 12:38:05,2015-12-01 12:41:35,2,.50,-73.980758666992188,40.753677368164063,1,N,-73.98541259765625,40.747322082519531,1,4.5,0,0.5,1.32,0,0.3,6.62
yellow,2,2015-12-01 12:08:04,2015-12-01 12:41:36,1,7.50,-73.873329162597656,40.774021148681641,1,N,-73.919349670410156,40.700611114501953,1,27,0,0.5,5.56,0,0.3,33.36
yellow,2,2015-12-01 12:30:02,2015-12-01 12:41:36,1,1.83,-73.971290588378906,40.750350952148438,1,N,-73.9544677734375,40.767131805419922,1,9,0,0.5,2.45,0,0.3,12.25
yellow,2,2015-12-01 12:30:35,2015-12-01 12:41:36,1,1.27,-73.968452453613281,40.766429901123047,1,N,-73.954368591308594,40.769741058349609,2,8.5,0,0.5,0,0,0.3,9.3
yellow,1,2015-12-01 12:32:08,2015-12-01 12:41:36,1,.20,-73.967315673828125,40.760269165039063,1,N,-73.9676513671875,40.762580871582031,2,7,0,0.5,0,0,0.3,7.8
yellow,2,2015-12-01 12:33:16,2015-12-01 12:41:36,1,.58,-73.983711242675781,40.740863800048828,1,N,-73.983963012695312,40.74652099609375,1,6.5,0,0.5,0,0,0.3,7.3
yellow,2,2015-12-01 12:36:56,2015-12-01 12:41:36,1,.70,-73.960037231445312,40.772830963134766,1,N,-73.962631225585937,40.778289794921875,1,5,0,0.5,1.16,0,0.3,6.96
yellow,2,2015-12-01 12:25:35,2015-12-01 12:41:37,2,3.50,-73.960334777832031,40.761947631835938,1,N,-73.947547912597656,40.801193237304687,1,14,0,0.5,0,0,0.3,14.8
yellow,2,2015-12-01 12:26:12,2015-12-01 12:41:37,1,2.32,-73.949821472167969,40.7760009765625,1,N,-73.981613159179688,40.780632019042969,1,11.5,0,0.5,2.46,0,0.3,14.76
yellow,1,2015-12-01 12:35:59,2015-12-01 12:41:37,1,.60,-73.937362670898437,40.797660827636719,1,N,-73.939353942871094,40.804256439208984,2,5.5,0,0.5,0,0,0.3,6.3
green,2,2015-12-01 12:26:33,2015-12-01 12:41:37,N,1,-73.988975524902344,40.692897796630859,-74.009933471679688,40.703338623046875,1,2.43,12,0,0.5,0,0,,0.3,12.8,1,1
yellow,1,2015-12-01 12:03:03,2015-12-01 12:41:38,2,17.10,-73.984970092773438,40.757701873779297,2,N,-73.783523559570313,40.643688201904297,2,52,0,0.5,0,5.54,0.3,58.34
yellow,2,2015-12-01 12:08:09,2015-12-01 12:41:38,1,2.17,-73.997001647949219,40.762290954589844,1,N,-73.966644287109375,40.761161804199219,1,19.5,0,0.5,5.08,0,0.3,25.38
yellow,2,2015-12-01 12:12:05,2015-12-01 12:41:38,1,7.05,-74.015121459960938,40.714435577392578,1,N,-73.974525451660156,40.756923675537109,1,27,0,0.5,6.95,0,0.3,34.75
yellow,1,2015-12-01 12:09:24,2015-12-01 12:41:38,1,5.50,-73.982208251953125,40.762432098388672,1,N,-74.011131286621094,40.708541870117188,1,24,0,0.5,4.95,0,0.3,29.75
yellow,1,2015-12-01 12:20:29,2015-12-01 12:41:38,1,1.30,-73.993827819824219,40.751583099365234,1,N,-73.974311828613281,40.747295379638672,2,13,0,0.5,0,0,0.3,13.8
yellow,2,2015-12-01 12:24:22,2015-12-01 12:41:38,1,7.82,-73.973556518554688,40.743850708007813,1,N,-73.885391235351563,40.773120880126953,1,23.5,0,0.5,5.97,5.54,0.3,35.81
yellow,2,2015-12-01 12:24:23,2015-12-01 12:41:38,2,1.72,-73.9793701171875,40.761550903320313,1,N,-74.00299072265625,40.760570526123047,1,12,0,0.5,2.56,0,0.3,15.36
yellow,2,2015-12-01 12:28:06,2015-12-01 12:41:38,1,1.18,-73.968757629394531,40.761253356933594,1,N,-73.981178283691406,40.749507904052734,1,9.5,0,0.5,2.06,0,0.3,12.36
yellow,2,2015-12-01 12:33:43,2015-12-01 12:41:38,1,.51,-73.968887329101563,40.758209228515625,1,N,-73.9735107421875,40.762908935546875,1,6.5,0,0.5,1.46,0,0.3,8.76
yellow,2,2015-12-01 12:36:20,2015-12-01 12:41:38,1,1.23,-73.942512512207031,40.817146301269531,1,N,-73.9549560546875,40.804218292236328,2,6.5,0,0.5,0,0,0.3,7.3
yellow,2,2015-12-01 12:11:18,2015-12-01 12:41:39,1,2.49,-73.998268127441406,40.722698211669922,1,N,-73.99127197265625,40.750175476074219,1,18.5,0,0.5,2,0,0.3,21.3
yellow,2,2015-12-01 12:20:13,2015-12-01 12:41:39,1,.87,-73.968620300292969,40.758987426757813,1,N,-73.980316162109375,40.754245758056641,1,13.5,0,0.5,1,0,0.3,15.3
yellow,1,2015-12-01 12:18:34,2015-12-01 12:41:39,1,3.50,-73.997512817382812,40.724227905273438,1,N,-73.992294311523438,40.763877868652344,1,17,0,0.5,3.55,0,0.3,21.35
yellow,1,2015-12-01 12:26:00,2015-12-01 12:41:39,1,1.60,-73.972702026367188,40.780509948730469,1,N,-73.973831176757813,40.764335632324219,2,11,0,0.5,0,0,0.3,11.8
yellow,2,2015-12-01 12:26:48,2015-12-01 12:41:39,2,1.99,-73.980667114257813,40.748088836669922,1,N,-73.989303588867187,40.736305236816406,1,11,0,0.5,2.36,0,0.3,14.16
yellow,1,2015-12-01 12:36:04,2015-12-01 12:41:39,2,.60,-73.978286743164063,40.788486480712891,1,N,-73.970466613769531,40.794136047363281,1,5.5,0,0.5,2,0,0.3,8.3
yellow,2,2015-12-01 11:39:34,2015-12-01 12:41:40,1,9.33,-73.863502502441406,40.769340515136719,1,N,-73.990447998046875,40.751064300537109,1,41.5,0,0.5,6.16,5.54,0.3,54
yellow,1,2015-12-01 12:25:21,2015-12-01 12:41:40,1,1.40,-73.987144470214844,40.765903472900391,1,N,-73.992439270019531,40.748764038085938,2,11,0,0.5,0,0,0.3,11.8
yellow,2,2015-12-01 12:32:40,2015-12-01 12:41:40,1,1.58,-74.015403747558594,40.709484100341797,1,N,-74.005592346191406,40.727916717529297,1,8.5,0,0.5,1.86,0,0.3,11.16
yellow,2,2015-12-01 12:41:12,2015-12-01 12:41:40,1,.01,-74.012908935546875,40.713951110839844,1,N,-74.012298583984375,40.713294982910156,1,2.5,0,0.5,2.61,9.75,0.3,15.66
yellow,2,2015-12-01 12:23:41,2015-12-01 12:41:41,2,2.30,-73.982406616210938,40.752250671386719,1,N,-74.008552551269531,40.739471435546875,1,12.5,0,0.5,2,0,0.3,15.3
yellow,2,2015-12-01 12:31:23,2015-12-01 12:41:41,5,1.28,-73.983741760253906,40.721630096435547,1,N,-74.003997802734375,40.727016448974609,2,8.5,0,0.5,0,0,0.3,9.3
green,2,2015-12-01 12:37:30,2015-12-01 12:41:41,N,1,-73.922676086425781,40.867122650146484,-73.91314697265625,40.872993469238281,1,.73,5,0,0.5,0,0,,0.3,5.8,2,1
yellow,2,2015-12-01 12:07:58,2015-12-01 12:41:42,1,3.14,-73.988571166992188,40.759441375732422,1,N,-73.992965698242188,40.730022430419922,1,20.5,0,0.5,4.26,0,0.3,25.56
yellow,2,2015-12-01 12:14:05,2015-12-01 12:41:42,2,11.49,-73.974937438964844,40.757122039794922,1,N,-73.865211486816406,40.770648956298828,1,34,0,0.5,8.07,5.54,0.3,48.41
yellow,1,2015-12-01 12:24:46,2015-12-01 12:41:42,1,1.00,-73.967628479003906,40.766090393066406,1,N,-73.975059509277344,40.753589630126953,2,11,0,0.5,0,0,0.3,11.8
yellow,1,2015-12-01 12:30:16,2015-12-01 12:41:42,1,.60,-73.974716186523438,40.753189086914063,1,N,-73.981826782226563,40.749778747558594,2,8,0,0.5,0,0,0.3,8.8
yellow,1,2015-12-01 12:23:31,2015-12-01 12:41:42,1,1.30,-73.975845336914063,40.76025390625,1,N,-73.991111755371094,40.753864288330078,1,11.5,0,0.5,1,0,0.3,13.3
yellow,2,2015-12-01 12:35:01,2015-12-01 12:41:42,1,.73,-73.966461181640625,40.764541625976562,1,N,-73.964096069335938,40.758083343505859,2,6,0,0.5,0,0,0.3,6.8
yellow,1,2015-12-01 12:28:34,2015-12-01 12:41:42,3,1.90,-73.970199584960938,40.797286987304687,1,N,-73.9561767578125,40.781642913818359,1,10.5,0,0.5,1,0,0.3,12.3
green,2,2015-12-01 12:39:20,2015-12-01 12:41:42,N,1,-73.92095947265625,40.826393127441406,-73.928398132324219,40.829090118408203,1,.27,3.5,0,0.5,0,0,,0.3,4.3,2,1
yellow,2,2015-12-01 11:47:37,2015-12-01 12:41:43,1,15.64,-73.776702880859375,40.645393371582031,2,N,-73.996536254882813,40.723747253417969,1,52,0,0.5,5,0,0.3,57.8
yellow,1,2015-12-01 11:58:55,2015-12-01 12:41:43,1,14.60,0,0,1,N,-73.994712829589844,40.716590881347656,1,43,0,0.5,9.85,5.54,0.3,59.19
yellow,1,2015-12-01 12:26:21,2015-12-01 12:41:43,1,2.10,-73.973640441894531,40.761276245117188,1,N,-73.968917846679688,40.785678863525391,1,12,0,0.5,1.2,0,0.3,14
yellow,2,2015-12-01 12:24:34,2015-12-01 12:41:43,1,1.33,-73.994537353515625,40.750598907470703,1,N,-73.995689392089844,40.764396667480469,1,11.5,0,0.5,3.08,0,0.3,15.38
yellow,1,2015-12-01 12:29:59,2015-12-01 12:41:44,1,.90,-74.00286865234375,40.760383605957031,1,N,-73.988090515136719,40.760066986083984,1,8.5,0,0.5,1,0,0.3,10.3
yellow,2,2015-12-01 12:38:03,2015-12-01 12:41:44,2,.43,-73.982490539550781,40.767971038818359,1,N,-73.97576904296875,40.765960693359375,1,4.5,0,0.5,1,0,0.3,6.3
green,2,2015-12-01 12:09:36,2015-12-01 12:41:44,N,1,-73.942794799804687,40.840663909912109,-73.994918823242188,40.750068664550781,1,7.80,29.5,0,0.5,0,0,,0.3,30.3,2,1
yellow,1,2015-12-01 11:39:54,2015-12-01 12:41:45,2,14.10,-73.863479614257813,40.769752502441406,1,N,-73.975151062011719,40.755973815917969,1,53.5,0,0.5,11.95,5.54,0.3,71.79
yellow,2,2015-12-01 12:08:43,2015-12-01 12:41:45,1,10.60,-73.979034423828125,40.752899169921875,1,N,-73.864913940429688,40.770420074462891,1,34,0,0.5,8.07,5.54,0.3,48.41
yellow,2,2015-12-01 12:30:27,2015-12-01 12:41:45,1,1.37,-73.980239868164062,40.748500823974609,1,N,-73.992454528808594,40.730663299560547,1,9,0,0.5,1.25,0,0.3,11.05
yellow,1,2015-12-01 12:33:19,2015-12-01 12:41:45,1,.80,-73.99072265625,40.741722106933594,1,N,-73.982048034667969,40.748928070068359,2,7,0,0.5,0,0,0.3,7.8
green,1,2015-12-01 12:06:12,2015-12-01 12:41:45,N,5,-73.910369873046875,40.809417724609375,-73.959823608398438,40.773578643798828,1,5.30,20,0,0,0,0,,0,20,2,2
yellow,2,2015-12-01 11:56:11,2015-12-01 12:41:46,6,11.78,-73.8634033203125,40.769691467285156,1,N,-73.983993530273437,40.754978179931641,1,40.5,0,0.5,9.37,5.54,0.3,56.21
yellow,1,2015-12-01 12:29:11,2015-12-01 12:41:46,1,1.40,-73.966293334960938,40.764595031738281,1,N,-73.983665466308594,40.769535064697266,1,9,0,0.5,1.96,0,0.3,11.76
yellow,1,2015-12-01 12:36:35,2015-12-01 12:41:46,1,.50,-73.988319396972656,40.758651733398438,1,N,-73.983154296875,40.766277313232422,2,5,0,0.5,0,0,0.3,5.8
green,2,2015-12-01 12:37:21,2015-12-01 12:41:46,N,1,-73.939437866210937,40.82171630859375,-73.927574157714844,40.818347930908203,1,.69,5,0,0.5,1,0,,0.3,6.8,1,1
yellow,2,2015-12-01 12:03:54,2015-12-01 12:41:47,1,16.98,-73.985588073730469,40.759990692138672,2,N,-73.788955688476562,40.641605377197266,1,52,0,0.5,11.67,5.54,0.3,70.01
yellow,1,2015-12-01 12:15:41,2015-12-01 12:41:47,2,4.40,-74.009712219238281,40.713157653808594,1,N,-73.9903564453125,40.769989013671875,1,19.5,0,0.5,4.05,0,0.3,24.35
yellow,2,2015-12-01 12:26:22,2015-12-01 12:41:47,1,.80,-73.981491088867187,40.758171081542969,1,N,-73.975830078125,40.751316070556641,2,10,0,0.5,0,0,0.3,10.8
yellow,1,2015-12-01 12:31:07,2015-12-01 12:41:47,2,.90,-74.0028076171875,40.733497619628906,1,N,-73.992568969726563,40.730728149414063,2,7.5,0,0.5,0,0,0.3,8.3
yellow,1,2015-12-01 12:34:48,2015-12-01 12:41:47,1,.80,-73.987197875976563,40.743812561035156,1,N,-73.995315551757812,40.733711242675781,1,6,0,0.5,1.35,0,0.3,8.15
yellow,2,2015-12-01 12:33:57,2015-12-01 12:41:47,6,.79,-73.985366821289063,40.741489410400391,1,N,-73.978675842285156,40.750675201416016,1,6.5,0,0.5,1.5,0,0.3,8.8
yellow,2,2015-12-01 12:38:24,2015-12-01 12:41:47,6,.60,-73.967933654785156,40.767047882080078,1,N,-73.961410522460938,40.771808624267578,1,4.5,0,0.5,1.06,0,0.3,6.36
green,1,2015-12-01 12:19:40,2015-12-01 12:41:47,N,1,-73.884658813476563,40.828392028808594,-73.952537536621094,40.811058044433594,1,4.60,18.5,0,0.5,3.85,0,,0.3,23.15,1,1
yellow,1,2015-12-01 12:10:11,2015-12-01 12:41:48,1,3.40,-73.968589782714844,40.764324188232422,1,N,-73.994216918945313,40.724468231201172,2,20.5,0,0.5,0,0,0.3,21.3
yellow,1,2015-12-01 12:21:54,2015-12-01 12:41:48,1,3.10,-73.960479736328125,40.780857086181641,1,N,-73.963455200195312,40.754768371582031,2,15.5,0,0.5,0,0,0.3,16.3
yellow,1,2015-12-01 12:30:25,2015-12-01 12:41:48,1,1.40,0,0,1,N,0,0,1,9,0,0.5,1.5,0,0.3,11.3
yellow,2,2015-12-01 12:34:25,2015-12-01 12:41:48,1,1.01,-73.95361328125,40.766990661621094,1,N,-73.962730407714844,40.775413513183594,2,6.5,0,0.5,0,0,0.3,7.3
yellow,1,2015-12-01 12:33:15,2015-12-01 12:41:48,1,.80,-74.002395629882813,40.733356475830078,1,N,-73.991806030273437,40.734989166259766,1,7,0,0.5,1.95,0,0.3,9.75
yellow,2,2015-12-01 12:20:57,2015-12-01 12:41:49,1,1.59,-73.99481201171875,40.759418487548828,1,N,-73.972908020019531,40.758609771728516,1,13.5,0,0.5,1,0,0.3,15.3
yellow,2,2015-12-01 12:31:53,2015-12-01 12:41:49,5,1.36,-73.979026794433594,40.761341094970703,1,N,-73.981689453125,40.778530120849609,2,8,0,0.5,0,0,0.3,8.8
yellow,1,2015-12-01 12:30:03,2015-12-01 12:41:50,1,1.50,-73.997215270996094,40.722309112548828,1,N,-74.008384704589844,40.731960296630859,1,9,0,0.5,1,0,0.3,10.8
yellow,2,2015-12-01 12:30:43,2015-12-01 12:41:50,3,1.38,-73.998794555664063,40.72442626953125,1,N,-73.990005493164062,40.736911773681641,2,8.5,0,0.5,0,0,0.3,9.3
yellow,2,2015-12-01 12:31:00,2015-12-01 12:41:50,6,.75,-73.962532043457031,40.772960662841797,1,N,-73.967002868652344,40.764129638671875,1,8,0,0.5,1.76,0,0.3,10.56
yellow,2,2015-12-01 12:27:26,2015-12-01 12:41:50,4,.94,-73.95855712890625,40.764450073242188,1,N,-73.971908569335938,40.765708923339844,2,9.5,0,0.5,0,0,0.3,10.3
yellow,2,2015-12-01 12:24:23,2015-12-01 12:41:50,1,1.25,-73.980979919433594,40.746749877929687,1,N,-73.980056762695312,40.760570526123047,2,11.5,0,0.5,0,0,0.3,12.3
yellow,2,2015-12-01 12:32:33,2015-12-01 12:41:50,1,.26,-73.949928283691406,40.780487060546875,1,N,-73.952972412109375,40.777534484863281,2,7,0,0.5,0,0,0.3,7.8
yellow,1,2015-12-01 12:35:46,2015-12-01 12:41:50,1,.90,-73.984298706054688,40.728893280029297,1,N,-73.97564697265625,40.74078369140625,2,6,0,0.5,0,0,0.3,6.8
yellow,1,2015-12-01 12:37:38,2015-12-01 12:41:50,1,.70,-73.985885620117187,40.734748840332031,1,N,-73.988632202148437,40.727298736572266,2,5,0,0.5,0,0,0.3,5.8
green,2,2015-12-01 12:21:09,2015-12-01 12:41:50,N,1,-73.945625305175781,40.807693481445313,-73.954139709472656,40.789146423339844,1,1.56,14,0,0.5,2.96,0,,0.3,17.76,1,1
yellow,1,2015-12-01 11:56:08,2015-12-01 12:41:51,1,12.10,-73.862586975097656,40.769424438476563,1,N,-73.985115051269531,40.746280670166016,1,41.5,0,0.5,14.35,5.54,0.3,62.19
yellow,1,2015-12-01 12:26:08,2015-12-01 12:41:51,1,1.10,-73.976516723632813,40.751678466796875,1,N,-73.991203308105469,40.749801635742187,1,10.5,0,0.5,2.26,0,0.3,13.56
yellow,1,2015-12-01 12:27:09,2015-12-01 12:41:51,1,.80,-73.990562438964844,40.737186431884766,1,N,-74.004356384277344,40.741470336914063,1,10,0,0.5,2.15,0,0.3,12.95
yellow,1,2015-12-01 12:34:17,2015-12-01 12:41:51,2,1.60,-74.00830078125,40.736282348632813,1,N,-74.014739990234375,40.714138031005859,1,8,0,0.5,1.75,0,0.3,10.55
yellow,1,2015-12-01 12:38:14,2015-12-01 12:41:51,2,.70,-74.008369445800781,40.721035003662109,1,N,-74.0084228515625,40.729911804199219,3,4.5,0,0.5,0,0,0.3,5.3
yellow,2,2015-12-01 11:52:51,2015-12-01 12:41:52,1,17.81,-73.776657104492187,40.645320892333984,2,N,-73.984809875488281,40.742111206054688,1,52,0,0.5,14.58,5.54,0.3,72.92
yellow,2,2015-12-01 12:12:54,2015-12-01 12:41:52,1,3.76,-73.984519958496094,40.774833679199219,1,N,-73.981666564941406,40.738143920898438,1,19,0,0.5,1,0,0.3,20.8
yellow,1,2015-12-01 12:20:23,2015-12-01 12:41:52,3,2.30,-73.98504638671875,40.75933837890625,1,Y,-73.987617492675781,40.741600036621094,1,14.5,0,0.5,2,0,0.3,17.3
yellow,1,2015-12-01 12:09:56,2015-12-01 12:41:52,4,5.90,-73.9781494140625,40.764671325683594,1,N,-74.01678466796875,40.704761505126953,1,25.5,0,0.5,10,0,0.3,36.3
yellow,2,2015-12-01 12:39:42,2015-12-01 12:41:52,1,.46,-73.981674194335937,40.780040740966797,1,N,-73.987739562988281,40.779525756835938,1,3.5,0,0.5,0,0,0.3,4.3
yellow,1,2015-12-01 12:32:49,2015-12-01 12:41:52,1,1.20,-73.982353210449219,40.768367767333984,1,N,-73.994369506835938,40.764167785644531,2,7.5,0,0.5,0,0,0.3,8.3
yellow,2,2015-12-01 12:03:16,2015-12-01 12:41:53,1,4.41,-73.958137512207031,40.769142150878906,1,N,-73.993202209472656,40.729663848876953,1,26,0,0.5,5.36,0,0.3,32.16
yellow,1,2015-12-01 12:11:14,2015-12-01 12:41:53,1,5.20,-73.991043090820313,40.739604949951172,1,N,-73.939208984375,40.722030639648438,1,22.5,0,0.5,4.65,0,0.3,27.95
yellow,1,2015-12-01 12:10:33,2015-12-01 12:41:53,1,2.40,-73.982231140136719,40.760936737060547,1,Y,-73.997024536132812,40.762443542480469,2,18.5,0,0.5,0,0,0.3,19.3
yellow,1,2015-12-01 12:21:05,2015-12-01 12:41:53,2,2.00,-73.991020202636719,40.742111206054688,1,N,-73.991905212402344,40.764499664306641,2,13.5,0,0.5,0,0,0.3,14.3
yellow,1,2015-12-01 12:19:07,2015-12-01 12:41:53,1,2.00,-74.005706787109375,40.750896453857422,1,N,-73.98773193359375,40.733566284179688,1,15,0,0.5,3.15,0,0.3,18.95
yellow,1,2015-12-01 12:30:41,2015-12-01 12:41:53,1,1.20,-73.99371337890625,40.735706329345703,1,N,-73.996994018554688,40.722423553466797,1,8.5,0,0.5,1,0,0.3,10.3
yellow,1,2015-12-01 12:12:25,2015-12-01 12:41:54,2,16.40,-74.015487670898438,40.715988159179688,1,N,-73.873344421386719,40.774196624755859,2,44.5,0,0.5,0,5.54,0.3,50.84
yellow,1,2015-12-01 12:22:43,2015-12-01 12:41:54,1,1.00,-73.972496032714844,40.752948760986328,1,N,-73.975845336914063,40.763801574707031,2,12,0,0.5,0,0,0.3,12.8
yellow,2,2015-12-01 12:31:09,2015-12-01 12:41:54,6,1.31,-73.984344482421875,40.769886016845703,1,N,-73.978141784667969,40.783451080322266,1,8.5,0,0.5,1.86,0,0.3,11.16
green,1,2015-12-01 12:38:47,2015-12-01 12:41:54,N,1,-73.956832885742188,40.748035430908203,-73.954605102539062,40.742881774902344,1,.70,4,0,0.5,1,0,,0.3,5.8,1,1
yellow,1,2015-12-01 12:08:54,2015-12-01 12:41:55,1,5.20,-74.013687133789063,40.713855743408203,1,N,-73.978439331054687,40.76513671875,1,24,0,0.5,4.95,0,0.3,29.75
yellow,1,2015-12-01 12:29:23,2015-12-01 12:41:55,1,2.00,-73.969985961914063,40.799533843994141,1,Y,-73.954086303710938,40.781524658203125,3,10.5,0,0.5,0,0,0.3,11.3
yellow,1,2015-12-01 12:30:28,2015-12-01 12:41:55,1,1.00,-73.988113403320313,40.748786926269531,1,N,-73.972297668457031,40.745361328125,2,8.5,0,0.5,0,0,0.3,9.3
yellow,2,2015-12-01 12:23:47,2015-12-01 12:41:55,1,2.28,-73.995201110839844,40.754951477050781,1,N,-73.994049072265625,40.730037689208984,1,12.5,0,0.5,2.66,0,0.3,15.96
yellow,2,2015-12-01 12:11:02,2015-12-01 12:41:56,1,2.91,-73.957298278808594,40.777286529541016,1,N,-73.984001159667969,40.743381500244141,2,19.5,0,0.5,0,0,0.3,20.3
yellow,2,2015-12-01 12:31:23,2015-12-01 12:41:56,6,2.13,-73.975273132324219,40.751998901367188,1,N,-73.976921081542969,40.726711273193359,2,9.5,0,0.5,0,0,0.3,10.3
yellow,2,2015-12-01 12:28:30,2015-12-01 12:41:56,1,.89,-73.991828918457031,40.74420166015625,1,N,-73.981208801269531,40.750148773193359,2,9.5,0,0.5,0,0,0.3,10.3
yellow,2,2015-12-01 12:23:17,2015-12-01 12:41:57,4,3.91,-73.938812255859375,40.749668121337891,1,N,-73.86883544921875,40.742210388183594,2,16,0,0.5,0,0,0.3,16.8
yellow,2,2015-12-01 12:27:39,2015-12-01 12:41:57,2,5.00,-73.975845336914063,40.748756408691406,1,N,-74.011238098144531,40.702255249023438,1,17.5,0,0.5,3.66,0,0.3,21.96
yellow,2,2015-12-01 12:36:33,2015-12-01 12:41:57,1,.09,-73.979354858398438,40.763481140136719,1,N,-73.981124877929688,40.764141082763672,2,5,0,0.5,0,0,0.3,5.8
yellow,2,2015-12-01 12:14:10,2015-12-01 12:41:58,1,9.21,-73.8707275390625,40.773811340332031,1,N,-73.975662231445312,40.790569305419922,1,28.5,0,0.5,8.71,5.54,0.3,43.55
yellow,1,2015-12-01 12:28:09,2015-12-01 12:41:58,1,1.10,-73.982429504394531,40.766368865966797,1,N,-73.980300903320313,40.754245758056641,1,10,0,0.5,2.7,0,0.3,13.5
yellow,2,2015-12-01 12:06:50,2015-12-01 12:41:59,2,3.05,-73.993942260742188,40.732769012451172,1,N,-73.977005004882812,40.764389038085937,1,21.5,0,0.5,4.46,0,0.3,26.76
yellow,1,2015-12-01 12:34:52,2015-12-01 12:41:59,1,.90,-73.98175048828125,40.769783020019531,1,N,-73.982597351074219,40.759281158447266,2,6.5,0,0.5,0,0,0.3,7.3
green,2,2015-12-01 12:34:09,2015-12-01 12:41:59,N,1,-73.891441345214844,40.746986389160156,-73.88134765625,40.755924224853516,1,1.30,7.5,0,0.5,0,0,,0.3,8.3,2,1
green,2,2015-12-01 12:35:13,2015-12-01 12:41:59,N,1,-73.918853759765625,40.610691070556641,-73.93212890625,40.622962951660156,1,1.29,7,0,0.5,10,0,,0.3,17.8,1,1
